state,men_pct,women_pct
Jammu and Kashmir,38.4,3.6
Himachal Pradesh,32.2,1.7
Punjab,12.8,0.4
Chandigarh,11.9,0.6
Uttarakhand,33.7,4.6
Haryana,29.1,2.6
NCT Of Delhi,26.2,2.2
Rajasthan,41.9,6.9
Uttar Pradesh,44.0,8.5
Bihar,48.9,5.0
Sikkim,41.5,11.6
Arunachal Pradesh,50.3,18.8
Nagaland,48.4,13.7
Manipur,58.0,43.3
Mizoram,73.1,61.7
Tripura,57.2,50.5
Meghalaya,57.8,28.3
Assam,51.9,22.2
West Bengal,48.1,10.8
Jharkhand,47.4,8.4
Odisha,51.7,26.1
Chhattisgarh,43.1,17.3
Madhya Pradesh,46.4,10.3
Gujarat,41.2,8.7
Daman and Diu,38.5,2.9
Dadra and Nagar Haveli,38.5,2.9
Maharashtra,33.8,11.0
Andhra Pradesh,22.5,4.6
Karnataka,27.3,8.6
Goa,18.1,2.6
Lakshadweep,28.5,17.5
Kerala,16.9,2.2
Tamil Nadu,20.0,4.9
Puducherry,14.8,2.6
Andaman and Nicobar Islands,58.7,31.2
