state,population
Jammu and Kashmir,12541302
Himachal Pradesh,6864602
Punjab,27743338
Chandigarh,1055450
Uttarakhand,10086292
Haryana,25351462
NCT Of Delhi,16787941
Rajasthan,68548437
Uttar Pradesh,199812341
Bihar,104099452
Sikkim,610577
Arunachal Pradesh,1383727
Nagaland,1978502
Manipur,2570390
Mizoram,1097206
Tripura,3673917
Meghalaya,2966889
Assam,31205576
West Bengal,91276115
Jharkhand,32988134
Odisha,41974219
Chhattisgarh,25545198
Madhya Pradesh,72626809
Gujarat,60439692
Daman and Diu,242911
Dadra and Nagar Haveli,342853
Maharashtra,112374333
Andhra Pradesh,84580777
Karnataka,61095297
Goa,1458545
Lakshadweep,64473
Kerala,33406061
Tamil Nadu,72147030
Puducherry,1247953
Andaman and Nicobar Islands,380581
